City,Cloudiness,Country,Date,Humidity,Lat,Lng,Max Temp,Wind Speed
Bundaberg,22,AU,1614107869,88,-24.85,152.35,75.99,5.75
Saint Paul Harbor,1,US,1614107869,68,57.79,-152.4072,21.2,5.75
Nikolskoye,90,RU,1614107869,79,59.7035,30.7861,12.2,11.18
Deputatsky,54,RU,1614107870,81,69.3,139.9,-29.4,2.68
Murupara,24,NZ,1614107870,98,-38.4667,176.7,62.01,1.21
Bubaque,0,GW,1614107870,71,11.2833,-15.8333,77.92,16.71
Busselton,0,AU,1614107871,85,-33.65,115.3333,62.01,4.0
Yellowknife,75,CA,1614107650,64,62.456,-114.3525,-11.0,5.75
Mar del Plata,0,AR,1614107871,29,-38.0023,-57.5575,80.6,10.36
Hobart,0,AU,1614107801,81,-42.8794,147.3294,48.0,6.91
Jamestown,90,US,1614107872,93,42.097,-79.2353,36.0,23.02
Jalu,0,LY,1614107872,41,29.0331,21.5482,57.79,6.78
Verkhnetulomskiy,75,RU,1614107872,72,68.6073,31.7962,6.8,6.71
Tuatapere,100,NZ,1614107873,74,-46.1333,167.6833,63.0,1.99
Te Anau,100,NZ,1614107873,91,-45.4167,167.7167,57.11,2.24
Waitakere,71,NZ,1614107873,74,-36.9175,174.6577,69.01,9.78
Saint-Augustin,100,CA,1614107873,97,51.226,-58.6502,24.55,7.81
Vaini,20,TO,1614107874,83,-21.2,-175.2,78.8,6.91
Urucará,4,BR,1614107875,58,-2.5364,-57.76,88.09,6.38
George Town,20,MY,1614107832,78,5.4112,100.3354,80.01,7.9
Arraial do Cabo,0,BR,1614107875,74,-22.9661,-42.0278,87.8,10.36
Butaritari,0,KI,1614107875,77,3.0707,172.7902,81.59,19.93
Severo-Kuril'sk,100,RU,1614107876,93,50.6789,156.125,30.51,38.54
Rikitea,100,PF,1614107876,72,-23.1203,-134.9692,78.75,9.98
Najrān,0,SA,1614107876,33,17.4924,44.1277,71.6,2.8
Saint-Philippe,0,RE,1614107876,69,-21.3585,55.7679,78.8,5.75
New Norfolk,4,AU,1614107877,72,-42.7826,147.0587,48.0,2.66
Arrondissement de Saint-Jean-de-Maurienne,12,FR,1614107877,65,45.1667,6.5833,50.0,4.14
Adzopé,5,CI,1614107877,66,6.1069,-3.8619,80.71,5.53
Tasiilaq,75,GL,1614107877,74,65.6145,-37.6368,30.2,3.44
Sitka,75,US,1614107878,80,57.0531,-135.33,33.8,4.61
Kiama,89,AU,1614107878,91,-34.6833,150.8667,64.0,5.01
Esperance,0,AU,1614107878,63,-33.8667,121.9,64.4,12.66
Qaanaaq,100,GL,1614107878,80,77.484,-69.3632,10.62,3.44
Hervey Bay,99,AU,1614107879,83,-25.2986,152.8535,77.0,3.0
Ushuaia,90,AR,1614107612,87,-54.8,-68.3,46.4,10.36
Lima,0,PE,1614107643,61,-12.0432,-77.0282,77.0,11.5
Luganville,100,VU,1614107879,83,-15.5333,167.1667,79.9,8.52
Port Hardy,75,CA,1614107879,87,50.6996,-127.4199,37.4,6.91
Ngunguru,100,NZ,1614107880,92,-35.6167,174.5,66.0,1.01
Atikokan,99,CA,1614107880,97,48.7555,-91.6216,31.66,6.08
Punta Arenas,75,CL,1614107648,63,-53.15,-70.9167,60.8,31.07
Douglas,1,US,1614107769,53,41.3,-96.167,48.99,6.91
Bhikangaon,0,IN,1614107881,18,21.8667,75.95,77.04,3.11
Deloraine,80,AU,1614107881,76,-41.5333,146.6667,46.99,5.75
Sulangan,100,PH,1614107881,83,11.1373,123.7228,80.35,9.73
Pevek,100,RU,1614107882,88,69.7008,170.3133,-17.41,6.4
Keuruu,90,FI,1614107882,92,62.2667,24.7,12.99,4.61
Hilo,90,US,1614107883,83,19.7297,-155.09,69.8,9.22
Klaksvík,75,FO,1614107883,100,62.2266,-6.589,44.6,11.5
Lagoa,3,PT,1614107883,71,39.05,-27.9833,51.8,34.9
Bethel,90,US,1614107883,81,41.3712,-73.414,37.4,10.36
Roald,40,NO,1614107884,40,62.5833,6.1333,51.8,13.8
‘Ewa Beach,20,US,1614107884,61,21.3156,-158.0072,78.8,6.91
Kapaa,90,US,1614107885,73,22.0752,-159.319,75.99,16.11
Barrow,40,US,1614107613,99,71.2906,-156.7887,-40.0,10.36
Zigong,100,CN,1614107889,68,29.3416,104.7769,67.84,2.77
Vila,75,PT,1614107889,72,42.0304,-8.1588,62.01,10.36
Mayo,1,US,1614107890,47,38.8876,-76.5119,54.0,9.22
Kilinochchi,6,LK,1614107890,86,9.3961,80.3982,75.07,7.02
La Ronge,100,CA,1614107891,79,55.1001,-105.2842,15.8,3.44
Bluff,100,NZ,1614107891,74,-46.6,168.3333,63.0,1.99
Arman',0,RU,1614107891,78,59.7,150.1667,-7.01,10.2
Port Hedland,100,AU,1614107891,62,-20.3167,118.5667,86.0,8.05
Dingle,100,PH,1614107892,90,10.9995,122.6711,76.28,4.74
Kruisfontein,59,ZA,1614107892,77,-34.0033,24.7314,64.99,1.01
Kiunga,100,PG,1614107892,96,-6.1219,141.2906,72.32,1.79
Haines Junction,29,CA,1614107893,55,60.7522,-137.5108,1.4,1.14
Ugoofaaru,100,MV,1614107893,71,5.6667,73.0,82.02,8.03
Mulegé,0,MX,1614107893,18,26.8833,-111.9833,75.99,7.9
Port Alfred,19,ZA,1614107893,84,-33.5906,26.891,70.0,4.0
Westport,90,US,1614107661,87,41.1415,-73.3579,37.99,11.5
Dikson,94,RU,1614107894,99,73.5069,80.5464,-7.96,4.03
Barabai,100,ID,1614107894,95,-2.5833,115.3833,73.71,1.32
Port-Gentil,40,GA,1614107894,83,-0.7193,8.7815,82.4,6.91
Rabo de Peixe,40,PT,1614107895,58,37.8,-25.5833,55.4,26.46
Zaysan,100,KZ,1614107895,93,47.4667,84.8667,22.93,3.42
Rosetown,0,CA,1614107896,86,51.5501,-108.0014,26.6,11.5
Havelock,1,US,1614107766,34,34.8791,-76.9013,62.6,10.36
San Vicente,87,AR,1614107896,44,-26.6167,-54.1333,86.58,1.25
Venkatagiri,0,IN,1614107896,76,13.9667,79.5833,71.2,3.74
Kapoeta,96,SS,1614107897,51,4.7717,33.5903,78.39,7.31
Mataura,100,NZ,1614107897,74,-46.1927,168.8643,63.0,1.99
Nikki,21,BJ,1614107897,16,9.9401,3.2108,80.51,3.83
Hasaki,75,JP,1614107898,48,35.7333,140.8333,37.4,4.61
Albany,100,US,1614107866,68,42.6001,-73.9662,39.0,2.33
Turmalina,0,BR,1614107899,58,-17.2856,-42.73,82.33,3.02
Castro,1,BR,1614107899,37,-24.7911,-50.0119,84.38,2.98
Kuldīga,90,LV,1614107899,100,56.974,21.9572,37.4,5.75
San Patricio,20,US,1614107899,47,28.017,-97.5169,80.6,17.27
Orvieto,0,IT,1614107900,63,42.7195,12.1116,53.01,3.38
Chokurdakh,74,RU,1614107900,97,70.6333,147.9167,-34.44,7.74
Tuktoyaktuk,40,CA,1614107900,76,69.4541,-133.0374,-23.8,20.71
Kaitong,1,CN,1614107901,83,44.8135,123.15,9.97,7.47
Terrace,75,CA,1614107901,86,54.5163,-128.6035,33.8,14.97
Shihezi,100,CN,1614107901,95,44.3,86.0333,26.33,4.7
Sisimiut,100,GL,1614107902,94,66.9395,-53.6735,17.62,6.64
Port Elizabeth,20,ZA,1614107902,77,-33.918,25.5701,68.0,10.36
Khatanga,91,RU,1614107902,85,71.9667,102.5,-26.64,6.17
Orcopampa,46,PE,1614107902,46,-15.2661,-72.3417,57.15,0.74
Hermanus,35,ZA,1614107767,87,-34.4187,19.2345,64.0,5.32
Brooks,100,CA,1614107903,69,50.5834,-111.8851,33.8,6.91
Chengzihe,0,CN,1614107903,86,45.3333,131.0667,-3.84,7.87
Anloga,20,GH,1614107904,79,5.7947,0.8973,84.2,10.36
Koygorodok,33,RU,1614107905,99,60.445,50.9968,-19.68,3.22
Leningradskiy,100,RU,1614107906,97,69.3833,178.4167,-11.29,4.92
Raahe,90,FI,1614107907,79,64.6833,24.4833,10.99,6.91
Malé,75,MV,1614107650,83,4.1748,73.5089,82.4,12.66
Avarua,75,CK,1614107907,94,-21.2078,-159.775,75.2,4.61
Zyryanka,0,RU,1614107908,81,65.75,150.85,-33.59,2.37
Mount Gambier,90,AU,1614107908,81,-37.8333,140.7667,50.0,4.61
Bredasdorp,5,ZA,1614107908,77,-34.5322,20.0403,66.2,5.75
Cape Town,20,ZA,1614107889,77,-33.9258,18.4232,72.0,10.36
Malinovskiy,0,RU,1614107909,97,61.1953,62.8397,-28.55,4.88
Imeni Poliny Osipenko,100,RU,1614107909,88,52.4201,136.4853,-8.09,5.86
Tessalit,0,ML,1614107909,18,20.1986,1.0114,72.7,5.48
Lavrentiya,100,RU,1614107909,86,65.5833,-171.0,-7.85,8.3
Vallenar,24,CL,1614107910,34,-28.5708,-70.7581,84.33,11.86
Vila Franca do Campo,40,PT,1614107910,58,37.7167,-25.4333,55.4,26.46
Luwuk,100,ID,1614107910,74,-0.9516,122.7875,77.13,4.09
Bloomfield,90,US,1614107622,81,40.8068,-74.1854,41.0,8.05
Souillac,75,MU,1614107910,94,-20.5167,57.5167,77.0,11.5
Kalmunai,100,LK,1614107911,87,7.4167,81.8167,76.51,7.4
Nanortalik,0,GL,1614107911,61,60.1432,-45.2371,21.56,9.86
Hithadhoo,0,MV,1614107911,76,-0.6,73.0833,82.6,13.56
Russell,1,US,1614107704,20,32.3502,-85.1999,71.6,11.5
Laas,7,IT,1614107912,81,46.6166,10.7002,46.99,4.61
Baker City,90,US,1614107821,48,44.7749,-117.8344,39.2,4.61
Yeniseysk,96,RU,1614107912,88,58.4497,92.1703,-17.97,2.59
Tabas,0,IR,1614107912,36,33.5959,56.9244,53.87,2.04
Atuona,3,PF,1614107873,78,-9.8,-139.0333,78.78,13.65
Guerrero Negro,0,MX,1614107913,17,27.9769,-114.0611,75.36,2.33
Lang Suan,100,TH,1614107914,85,9.9456,99.0785,70.07,3.98
Arlit,0,NE,1614107915,7,18.7369,7.3853,72.57,13.33
Makkah al Mukarramah,3,SA,1614107648,62,21.4267,39.8261,71.1,8.41
Ilulissat,75,GL,1614107915,45,69.2167,-51.1,19.4,10.36
Hamilton,1,US,1614107915,43,39.1834,-84.5333,51.8,16.11
Gao,0,ML,1614107915,14,16.6362,1.637,75.85,10.6
Laela,100,TZ,1614107916,95,-8.5667,32.05,62.42,0.85
Nioro,0,GM,1614107890,7,13.35,-15.75,93.15,4.23
Kīhei,20,US,1614107791,64,20.785,-156.4656,75.2,4.61
Linjiang,0,CN,1614107917,85,41.8069,126.9078,3.29,1.45
Naryan-Mar,6,RU,1614107917,88,67.6713,53.087,-7.53,6.29
Oussouye,0,SN,1614107917,69,12.485,-16.5469,96.8,4.61
Talnakh,60,RU,1614107917,81,69.4865,88.3972,-29.6,5.17
Kuching,20,MY,1614107918,100,1.55,110.3333,73.4,2.3
Hakui,75,JP,1614107918,86,36.8833,136.7833,33.8,3.44
Hofn,95,IS,1614107918,84,64.2539,-15.2082,40.33,13.69
Puerto Ayora,0,EC,1614107919,66,-0.7393,-90.3518,86.0,14.97
Kahului,20,US,1614107632,64,20.8947,-156.47,75.2,4.61
Bako,100,ET,1614107919,68,5.7833,36.5667,66.69,3.24
Mapiripán,90,CO,1614107769,36,2.8892,-72.1256,94.66,9.57
My Tho,20,VN,1614107919,83,10.35,106.35,75.2,5.75
Zuwārah,80,LY,1614107920,72,32.9312,12.082,61.61,26.49
Cabo San Lucas,1,MX,1614107920,43,22.8909,-109.9124,80.01,8.05
Carauari,94,BR,1614107920,65,-4.8828,-66.8958,88.12,0.78
Mogadishu,100,SO,1614107921,78,2.0371,45.3438,78.24,20.98
Senekal,100,ZA,1614107921,89,-28.3197,27.6208,61.63,4.34
Narsaq,75,GL,1614107921,33,60.9167,-46.05,24.8,1.14
Ponta do Sol,15,PT,1614107921,80,32.6667,-17.1,62.01,1.99
Santiago,0,CL,1614107871,20,-33.4569,-70.6483,89.6,4.61
Chapais,90,CA,1614107922,93,49.7834,-74.8492,28.4,10.36
Hong Kong,99,HK,1614107715,81,22.2855,114.1577,69.01,1.01
Ambāgarh Chauki,0,IN,1614107922,18,20.7833,80.7167,69.75,1.97
Airai,100,TL,1614107923,100,-8.9266,125.4092,61.12,2.66
Southbridge,100,US,1614107923,60,42.0751,-72.0334,41.0,5.01
Isangel,20,VU,1614107923,83,-19.55,169.2667,78.8,5.75
Port Blair,0,IN,1614107923,67,11.6667,92.75,76.64,1.57
Bereda,0,ES,1614107924,54,43.2686,-7.5406,63.0,5.48
Fairbanks,1,US,1614107924,75,64.8378,-147.7164,-14.01,3.47
Mahon,75,ES,1614107924,94,39.8885,4.2658,57.2,8.05
Ballina,75,AU,1614107925,94,-28.8667,153.5667,69.8,4.61
Ribeira Grande,40,PT,1614107925,71,38.5167,-28.7,50.0,24.16
Tingo María,75,PE,1614107926,65,-9.2895,-76.0088,84.2,6.91
Kiomboi,97,TZ,1614107926,84,-4.2667,34.3667,63.28,1.72
Bitung,40,ID,1614107927,94,1.4451,125.1824,77.0,1.14
Wooster,1,US,1614107793,61,40.8051,-81.9351,42.8,23.02
Tabuk,24,PH,1614107927,94,17.4189,121.4443,71.15,1.48
Vao,84,NC,1614107928,81,-22.6667,167.4833,78.39,17.9
Batagay-Alyta,46,RU,1614107928,83,67.8006,130.4114,-29.22,0.94
Pangnirtung,90,CA,1614107928,72,66.1451,-65.7125,8.6,5.75
Poum,98,NC,1614107928,76,-20.2333,164.0167,81.27,16.33
Lüderitz,0,NA,1614107929,60,-26.6481,15.1594,66.88,24.25
Geraldton,0,AU,1614107929,43,-28.7667,114.6,69.8,4.61
Carnarvon,0,AU,1614107929,83,-24.8667,113.6333,77.0,8.05
High Level,90,CA,1614107929,78,58.5169,-117.136,5.0,6.91
Isiro,99,CD,1614107929,47,2.7739,27.616,77.67,1.59
Sørland,75,NO,1614107930,93,67.667,12.6934,41.0,23.02
Cockburn Town,75,TC,1614107930,69,21.4612,-71.1419,80.6,12.66
Saint George,1,US,1614107704,26,37.1041,-113.5841,60.01,2.06
Fasa,0,IR,1614107930,54,28.9383,53.6482,55.4,2.15
Chicama,0,PE,1614107931,78,-7.8447,-79.1469,73.4,8.05
Bilecik Province,0,TR,1614107931,56,40.0,30.1667,41.0,9.22
Ranong,71,TH,1614107931,78,9.9658,98.6348,70.47,2.93
Hay River,100,CA,1614107931,64,60.8156,-115.7999,-9.4,4.68
Saldanha,0,ZA,1614107932,72,-33.0117,17.9442,66.2,8.05
Tucumã,78,BR,1614107932,72,-0.1833,-50.05,83.77,7.76
Thompson,20,CA,1614107932,55,55.7435,-97.8558,1.4,5.75
Fare,51,PF,1614107932,69,-16.7,-151.0167,81.86,6.42
Beïnamar,0,TD,1614107933,16,8.6698,15.3813,80.1,4.5
Lompoc,1,US,1614107782,28,34.6391,-120.4579,73.4,3.15
Marsá Maţrūḩ,20,EG,1614107933,63,31.3525,27.2453,59.0,11.5
Mahébourg,75,MU,1614107933,94,-20.4081,57.7,77.0,11.5
Churapcha,61,RU,1614107933,83,62.0025,132.4325,-33.29,2.73
Straumen,0,NO,1614107934,46,63.8709,11.2999,46.4,10.36
Shakawe,28,BW,1614107934,85,-18.3667,21.85,70.88,4.18
Wahiawā,75,US,1614107934,94,21.5028,-158.0236,78.8,3.44
Vila Velha,40,BR,1614107739,78,-20.3297,-40.2925,80.6,9.22
Tonantins,100,BR,1614107935,75,-2.8731,-67.8022,85.77,3.94
Ürümqi,75,CN,1614107935,93,43.801,87.6005,28.4,2.24
Provideniya,90,RU,1614107936,85,64.3833,-173.3,-0.4,20.13
Kuna,1,US,1614107936,42,43.4918,-116.4201,42.8,12.66
Dutlwe,97,BW,1614107936,56,-23.9833,23.9,75.83,5.97
Gravelbourg,100,CA,1614107936,86,49.8834,-106.5512,28.4,18.41
Gravdal,75,NO,1614107937,93,68.1214,13.5031,39.2,16.11
Lebu,0,CL,1614107937,69,-37.6167,-73.65,61.63,23.8
Hof,0,DE,1614107938,76,50.3167,11.9167,50.0,4.72
Ossora,0,RU,1614107938,82,59.2353,163.0719,-14.62,4.25
Charter Township of Clinton,20,US,1614107929,61,42.587,-82.9199,46.4,17.27
Gerāsh,0,IR,1614107939,55,27.6652,54.1371,60.8,4.61
Nueve de Julio,0,AR,1614107939,15,-35.4444,-60.8831,91.0,3.0
Yangi Marg`ilon,40,UZ,1614107939,70,40.4272,71.7189,44.6,2.3
Altay,100,CN,1614107939,81,47.8667,88.1167,21.99,5.61
East London,0,ZA,1614107939,88,-33.0153,27.9116,71.6,12.66
Tūkrah,44,LY,1614107940,80,32.5341,20.5791,57.42,14.45
León,1,MX,1614107748,26,21.1167,-101.6667,71.6,4.61
Amapá,2,BR,1614107940,58,1.0,-52.0,85.89,3.49
Saskylakh,98,RU,1614107940,85,71.9167,114.0833,-22.94,1.32
Stepnyak,100,KZ,1614107941,98,52.8339,70.7803,22.73,19.91
La Peca,100,PE,1614107883,75,-5.6111,-78.435,72.81,1.36
Toora-Khem,96,RU,1614107942,88,52.4675,96.11,-1.53,0.69
Naze,59,JP,1614107943,72,28.3667,129.4833,60.87,7.36
Aden,3,YE,1614107919,72,12.7794,45.0367,76.17,11.63
Bhubaneswar,0,IN,1614107702,83,20.2333,85.8333,71.6,4.61
Basco,96,PH,1614107944,87,20.4487,121.9702,73.62,26.93
Na Wa,0,TH,1614107944,46,17.4897,104.1006,73.96,7.54
Washington,2,US,1614107605,68,47.5001,-120.5015,43.0,8.99
Bondo,19,CD,1614107945,26,3.8146,23.6866,78.62,1.16
Phon,0,TH,1614107945,67,15.816,102.5998,82.99,2.13
Chokwé,0,MZ,1614107945,84,-24.5333,32.9833,74.93,8.5
Kumul,100,CN,1614107947,51,42.8,93.45,45.16,7.4
Tura,0,IN,1614107947,29,25.5198,90.2201,64.8,2.01
Ciudad Guayana,67,VE,1614107947,62,8.3533,-62.6528,86.0,1.99
Atbasar,100,KZ,1614107948,94,51.8,68.3333,9.43,16.13
Eyemouth,100,GB,1614107948,94,55.8713,-2.0901,51.01,1.01
Mount Isa,40,AU,1614107948,21,-20.7333,139.5,80.6,10.36
Sinnai,0,IT,1614107948,94,39.3042,9.2036,55.99,6.91
Saint-Pierre,0,RE,1614107949,69,-21.3393,55.4781,78.8,5.75
Kaeo,44,NZ,1614107949,92,-35.1,173.7833,66.0,1.01
Daru,100,PG,1614107949,94,-9.0763,143.2092,75.13,8.59
Atasū,100,KZ,1614107949,96,48.6814,71.6433,30.83,24.52
Morazán,40,HN,1614107950,58,15.3167,-87.6,87.01,12.66
Raudeberg,75,NO,1614107950,57,61.9875,5.1352,51.8,41.43
Gizo Government Station,62,SB,1614107950,71,-8.103,156.8419,83.17,5.79
Gurupá,96,BR,1614107950,56,-1.405,-51.64,87.96,5.19
Abu Kamal,0,SY,1614107950,42,34.4506,40.9171,51.51,3.53
Sabang,100,ID,1614107951,72,5.8933,95.3214,80.89,9.73
Sola,100,VU,1614107951,82,-13.8833,167.55,82.04,18.45
Artyshta,100,RU,1614107951,92,54.1222,86.2909,-9.15,2.95
Chui,22,UY,1614107951,52,-33.6971,-53.4616,73.13,13.76
Bandarbeyla,81,SO,1614107952,75,9.4942,50.8122,76.32,17.29
Nome,90,US,1614107952,55,64.5011,-165.4064,3.2,5.75
Duliāgaon,89,IN,1614107952,41,27.3667,95.3167,68.9,2.77
Conceição do Araguaia,100,BR,1614107840,77,-8.2578,-49.2647,83.79,2.44
Chapleau,90,CA,1614107953,74,47.8405,-83.4034,32.0,8.05
Porto-Novo,20,BJ,1614107953,74,6.4965,2.6036,86.0,9.22
San Cristobal,40,VE,1614107953,54,7.7669,-72.225,86.0,9.22
Chiang Klang,100,TH,1614107954,55,19.2938,100.8617,75.49,1.25
Saquena,94,PE,1614107954,72,-4.6667,-73.5167,85.68,3.67
Bongaigaon,0,IN,1614107955,35,26.4782,90.5568,65.97,0.81
Port Macquarie,96,AU,1614107813,99,-31.4333,152.9167,66.0,1.01
Coahuayana Viejo,1,MX,1614107955,39,18.7333,-103.6833,84.2,8.05
Piterka,0,RU,1614107955,84,50.6803,47.4454,-14.67,18.12
Norman Wells,75,CA,1614107955,70,65.282,-126.8329,-13.0,2.3
Olafsvik,100,IS,1614107956,84,64.8945,-23.7142,35.78,31.59
Ribas do Rio Pardo,85,BR,1614107956,48,-20.4431,-53.7592,90.07,5.08
Praia,0,CV,1614107956,60,14.9215,-23.5087,75.2,20.71
Concepción del Oro,3,MX,1614107956,24,24.6333,-101.4167,69.91,2.71
Tiksi,71,RU,1614107956,85,71.6872,128.8694,-27.42,6.82
Matviyivka,99,UA,1614107957,84,47.0747,35.1444,24.69,12.15
Banda Aceh,100,ID,1614107957,79,5.5577,95.3222,77.94,7.38
Weiser,1,US,1614107957,42,44.251,-116.9693,42.8,8.05
Touros,20,BR,1614107957,66,-5.1989,-35.4608,86.0,20.71
Paita,0,PE,1614107958,48,-5.0892,-81.1144,87.8,16.11
Rio Grande,75,BR,1614107790,83,-32.035,-52.0986,77.0,13.8
Kaz,100,RU,1614107958,92,52.9113,87.3105,8.06,2.71
Rome,90,US,1614107669,86,43.2128,-75.4557,36.0,3.44
Clyde River,75,CA,1614107958,77,70.4692,-68.5914,-11.2,2.3
Ancud,20,CL,1614107959,52,-41.8697,-73.8203,69.8,11.5
Akim Swedru,4,GH,1614107959,68,5.8938,-1.0164,80.85,6.08
Mācherla,0,IN,1614107959,68,16.4833,79.4333,73.63,4.59
Cidreira,0,BR,1614107959,55,-30.1811,-50.2056,84.72,9.6
Tucupita,71,VE,1614107959,69,9.0622,-62.051,83.7,6.51
Bulle,0,CH,1614107960,64,46.6195,7.0567,48.0,3.58
Taoudenni,0,ML,1614107960,17,22.6783,-3.9836,77.02,13.98
Usinsk,100,RU,1614107960,89,65.9939,57.5281,-18.44,4.59
Praia da Vitória,40,PT,1614107960,76,38.7333,-27.0667,51.01,24.74
Bonavista,100,CA,1614107961,86,48.6499,-53.1147,30.99,4.61
Ponte Nova,47,BR,1614107961,76,-20.4164,-42.9086,79.9,2.13
Gamboma,100,CG,1614107961,75,-1.8764,15.8644,76.41,2.15
Santa Maria,40,BR,1614107961,70,-29.6842,-53.8069,86.0,3.44
Bulawayo,90,ZW,1614107961,91,-20.15,28.5833,66.69,11.41
San Giovanni Valdarno,0,IT,1614107962,78,43.5667,11.5333,55.99,4.0
Karasjok,0,NO,1614107962,73,69.4719,25.5112,14.0,21.85
Rexburg,1,US,1614107962,32,43.826,-111.7897,33.8,10.36
Copperas Cove,1,US,1614107962,43,31.1241,-97.9031,77.0,16.11
Ust'-Koksa,100,RU,1614107963,86,50.2696,85.6108,12.49,2.51
Tavda,100,RU,1614107963,85,58.0425,65.2726,-21.15,13.15
Jumla,2,NP,1614107963,78,29.2747,82.1838,41.65,3.27
Tazovsky,99,RU,1614107964,88,67.4667,78.7,-18.92,6.11
Nouakchott,0,MR,1614107965,32,18.0858,-15.9785,82.4,13.8
Quatre Cocos,75,MU,1614107965,94,-20.2078,57.7625,77.0,11.5
Vâlcele,0,RO,1614107966,77,45.85,25.6833,39.99,2.21
Dhārchula,49,IN,1614107967,49,29.85,80.5333,56.16,4.21
Torbay,90,CA,1614107967,93,47.6666,-52.7314,32.0,19.57
Catuday,2,PH,1614107967,81,16.2923,119.8062,77.4,8.21
Yumen,100,CN,1614107968,83,40.2833,97.2,31.3,11.32
Lata,20,PT,1614107968,59,40.1629,-8.3327,60.8,6.91
Conde,40,BR,1614107968,74,-7.2597,-34.9075,84.2,13.8
Dalhousie,89,IN,1614107968,50,32.5333,75.9833,48.85,8.12
Goya,37,AR,1614107969,41,-29.14,-59.2626,91.02,10.63
São Filipe,0,CV,1614107969,65,14.8961,-24.4956,74.7,11.86
Novy Urengoy,100,RU,1614107969,87,66.0833,76.6333,-21.46,6.67
Leshukonskoye,31,RU,1614107917,90,64.8989,45.7622,-9.44,4.5
Nampula,75,MZ,1614107970,83,-15.1165,39.2666,75.2,6.91
Mossamedes,4,AO,1614107970,75,-15.1961,12.1522,72.46,14.12
Bireun,100,ID,1614107970,80,5.203,96.7009,76.89,3.62
Zhigansk,11,RU,1614107970,81,66.7697,123.3711,-39.8,0.87
Makakilo City,20,US,1614107971,61,21.3469,-158.0858,78.8,6.91
Kidal,0,ML,1614107971,15,18.4411,1.4078,75.07,9.57
Timóteo,6,BR,1614107972,83,-19.5825,-42.6444,79.83,2.13
Kayunga,100,UG,1614107972,57,0.7025,32.8886,74.25,2.37
Vendôme,0,FR,1614107972,87,47.8,1.0667,50.0,8.05
Ternate,42,ID,1614107972,81,0.8,127.4,80.6,8.14
Kashgar,0,CN,1614107973,38,39.4547,75.9797,39.2,8.95
Mantena,97,BR,1614107973,71,-18.7817,-40.9803,82.29,4.63
Bambous Virieux,75,MU,1614107973,94,-20.3428,57.7575,77.0,11.5
Padang,90,ID,1614107973,94,-0.9492,100.3543,77.0,3.44
Sept-Îles,90,CA,1614107761,80,50.2001,-66.3821,30.0,5.75
Aizkraukle,100,LV,1614107974,96,56.6048,25.2553,36.0,3.0
Meulaboh,100,ID,1614107974,84,4.1363,96.1285,77.27,3.94
Coyhaique,0,CL,1614107974,35,-45.5752,-72.0662,75.2,10.36
Gushikawa,1,JP,1614107975,94,26.3544,127.8686,66.2,5.75
Kachug,23,RU,1614107975,86,53.9606,105.8817,-11.65,1.32
Baiyin,0,CN,1614107975,60,36.5583,104.2081,37.4,8.95
Mbandaka,59,CD,1614107976,84,0.0487,18.2603,74.97,5.91
Camacha,20,PT,1614107976,88,33.0833,-16.3333,64.4,6.91
Puerto Escondido,75,MX,1614107976,70,15.85,-97.0667,84.2,5.75
Marawi,1,PH,1614107976,91,7.9986,124.2928,75.0,4.0
Tigzirt,28,DZ,1614107977,85,36.8886,4.1198,55.8,9.15
Enid,1,US,1614107714,27,36.3956,-97.8784,66.2,11.5
Vanavara,100,RU,1614107977,90,60.34,102.2797,-12.15,1.57
Emerald,8,AU,1614107977,65,-23.5333,148.1667,78.8,5.75
Yar-Sale,100,RU,1614107978,91,66.8333,70.8333,-7.94,9.04
Yerbogachën,100,RU,1614107978,87,61.2767,108.0108,-19.5,1.97
Manado,40,ID,1614107979,94,1.487,124.8455,77.0,1.14
Bichura,100,RU,1614107979,87,50.5881,107.6022,2.66,1.21
Chrysochorafa,0,GR,1614107979,69,41.1833,23.2333,55.99,1.45
Ha Tinh,0,VN,1614107979,90,18.3333,105.9,64.33,1.97
Portland,75,US,1614107573,71,45.5234,-122.6762,48.0,9.22
Sibu,40,MY,1614107980,94,2.3,111.8167,71.6,0.81
Nouadhibou,0,MR,1614107980,60,20.931,-17.0347,69.8,19.57
Hobyo,0,SO,1614107980,78,5.3505,48.5268,77.31,16.37
Katsuura,75,JP,1614107980,45,35.1333,140.3,42.01,24.16
Dwārka,0,IN,1614107981,72,22.2394,68.9678,73.71,11.56
Ziway,98,ET,1614107981,48,7.9333,38.7167,70.32,13.96
Margate,100,GB,1614107981,70,51.3813,1.3862,54.0,5.01
Broome,90,US,1614107710,93,42.2506,-75.833,36.0,9.22
Praia,0,CV,1614107981,60,14.9215,-23.5087,75.2,20.71
Richards Bay,100,ZA,1614107982,96,-28.783,32.0377,73.69,8.97
Hatta,0,IN,1614107982,22,24.1167,79.6,69.78,1.97
Codrington,99,AU,1614107982,82,-38.2667,141.9667,52.05,1.57
Kaitangata,100,NZ,1614107982,51,-46.2817,169.8464,66.99,7.31
Glendive,90,US,1614107982,80,47.1053,-104.7125,37.0,20.71
Mandera,100,KE,1614107983,37,3.9366,41.867,84.24,10.76
Waipawa,0,NZ,1614107983,63,-41.4122,175.5153,66.99,20.71
Vitim,100,RU,1614107983,90,59.4511,112.5578,-3.23,5.1
College,75,US,1614107984,75,64.8569,-147.8028,-11.99,3.44
Lakkoma,0,GR,1614107984,76,40.3833,23.05,53.01,5.75
Sambava,90,MG,1614107985,84,-14.2667,50.1667,77.32,6.85
Balikpapan,100,ID,1614107985,94,-1.2675,116.8289,74.77,2.55
Imbituva,45,BR,1614107985,64,-25.23,-50.6044,74.62,2.93
Mackenzie,1,CA,1614107986,59,55.2999,-123.1698,30.2,8.05
Lilongwe,100,MW,1614107986,78,-13.9669,33.7873,69.04,3.49
Safi,0,MA,1614107987,68,32.2994,-9.2372,63.68,15.68
Kulunda,100,RU,1614107987,95,52.566,78.9385,10.4,14.47
Dongsheng,100,CN,1614107987,82,39.8161,109.9776,32.76,1.81
Dalbandin,0,PK,1614107988,29,28.8947,64.4101,63.93,1.28
Salalah,0,OM,1614107988,73,17.0151,54.0924,75.2,2.3
Kamaishi,4,JP,1614107988,57,39.2667,141.8833,26.73,15.01
Byron Bay,75,AU,1614107988,94,-28.65,153.6167,69.8,4.61
Caravelas,92,BR,1614107989,67,-17.7125,-39.2481,82.38,9.84
Kavieng,100,PG,1614107989,76,-2.5744,150.7967,81.91,9.13
Portree,100,GB,1614107989,79,57.4129,-6.1942,46.99,18.01
Bellview,1,US,1614107989,34,30.4616,-87.315,75.2,8.05
Sotuta,0,MX,1614107989,35,20.6,-89.0167,91.54,6.35
Matagami,100,CA,1614107850,99,49.7502,-77.6328,32.77,9.84
Asău,2,RO,1614107990,52,46.4333,26.4,39.99,1.45
Rafiganj,0,IN,1614107990,77,24.8167,84.65,62.6,2.84
Santarém,75,BR,1614107990,70,-2.4431,-54.7083,86.0,10.36
Anykščiai,100,LT,1614107991,97,55.5256,25.1026,34.83,10.89
Roebourne,97,AU,1614107991,53,-20.7833,117.1333,90.07,11.97
Helegiu,0,RO,1614107991,81,46.35,26.75,39.99,4.61
Paraty,20,BR,1614107698,27,-23.2178,-44.7131,89.6,2.3
Tateyama,100,JP,1614107992,38,34.9833,139.8667,42.01,1.99
Seoul,0,KR,1614107920,37,37.5683,126.9778,30.2,3.44
Pangody,99,RU,1614107992,87,65.85,74.4859,-21.06,8.01
Chervone,100,UA,1614107992,99,49.9564,28.8645,31.62,9.62
Sainte-Maxime,0,FR,1614107992,82,43.3,6.6333,52.0,3.74
Port Hawkesbury,90,CA,1614107993,87,45.6169,-61.3485,39.99,10.36
Pulaski,1,US,1614107762,26,34.7668,-92.3001,71.6,10.36
Bloemfontein,100,ZA,1614107711,100,-29.1211,26.214,62.6,1.14
Ocós,40,GT,1614107994,48,14.5094,-92.1933,89.6,11.5
Rizhao,98,CN,1614107706,79,35.4275,119.4553,36.79,12.95
Bengkulu,99,ID,1614107994,85,-3.8004,102.2655,76.84,3.67
Sosnovo-Ozerskoye,0,RU,1614107994,88,52.5249,111.5418,-5.85,10.92
Vardø,75,NO,1614107994,85,70.3705,31.1107,12.2,26.46
Atambua,100,ID,1614107995,87,-9.1061,124.8925,74.48,1.54
Talaya,26,RU,1614107995,81,61.3833,152.75,-32.3,1.81
Burhānpur,0,IN,1614107995,17,21.3,76.2333,75.96,0.98
Cherskiy,92,RU,1614107996,82,68.75,161.3,-30.42,3.96
Serafimovich,0,RU,1614107996,66,49.5786,42.736,-7.01,14.0
Östersund,0,SE,1614107705,87,63.1792,14.6357,35.6,12.66
Le Port,0,RE,1614107997,69,-20.9373,55.2919,78.8,14.97
Vinh,0,VN,1614107997,88,18.6667,105.6667,65.62,2.04
Mizdah,98,LY,1614107997,44,31.4451,12.9801,56.37,16.53
Bertoua,0,CM,1614107998,26,4.5833,13.6833,75.97,1.57
Diamantino,37,BR,1614107998,69,-14.4086,-56.4461,86.59,4.59
Benguela,71,AO,1614107998,79,-12.5763,13.4055,74.7,4.07
Toucheng,75,TW,1614107998,94,24.8592,121.8233,68.0,11.5
Los Llanos de Aridane,75,ES,1614107758,68,28.6585,-17.9182,68.0,5.75
Alofi,100,NU,1614107999,83,-19.0595,-169.9187,77.0,5.75
Kargasok,0,RU,1614107999,86,59.0556,80.8572,-26.72,3.18
Corowa,94,AU,1614107999,87,-36.0333,146.3833,57.2,3.44
Yulara,0,AU,1614107999,37,-25.2406,130.9889,68.0,5.75
Noumea,0,NC,1614108000,83,-22.2763,166.4572,80.01,2.3
Saint John,90,CA,1614107705,86,45.2727,-66.0677,37.4,13.8
Tcholliré,0,CM,1614107788,14,8.4022,14.1698,79.41,2.62
Charters Towers,13,AU,1614108001,86,-20.1,146.2667,74.14,7.81
Nueva Gerona,1,CU,1614108001,60,21.8833,-82.8,81.03,8.63
Englehart,90,CA,1614108001,75,47.8169,-79.8664,37.4,11.5
Sur,0,OM,1614108002,48,22.5667,59.5289,73.74,6.49
Florø,75,NO,1614108002,57,61.5996,5.0328,48.2,41.43
Verkhniy Lomov,0,RU,1614108002,87,53.4678,43.5511,-19.88,8.19
Khawhai,100,IN,1614108002,61,23.3667,93.1167,46.06,2.04
Katherine,100,AU,1614108002,100,-14.4667,132.2667,73.4,4.61
Faanui,6,PF,1614108003,69,-16.4833,-151.75,82.06,6.46
Yatou,97,CN,1614108003,84,37.15,122.3833,30.83,7.27
Terney,0,RU,1614108004,84,45.0503,136.6092,1.72,17.96
Coquimbo,20,CL,1614107814,68,-29.9533,-71.3436,66.2,13.8
Lorengau,100,PG,1614108005,86,-2.0226,147.2712,79.63,14.9
Erdenet,0,MN,1614108008,89,49.0333,104.0833,1.92,2.84
Vestmannaeyjar,90,IS,1614108008,93,63.4427,-20.2734,42.8,16.11
Atar,0,MR,1614108008,9,20.5169,-13.0499,89.6,6.91
Surdulica,0,RS,1614108009,62,42.6906,22.1708,48.99,1.99
Machalí,0,CL,1614108009,26,-34.1833,-70.6667,86.0,10.36
Larkana,0,PK,1614108009,68,27.5551,68.2141,71.6,5.01
Qarqīn,55,AF,1614108009,49,37.4185,66.0436,53.1,7.49
El Bordo,24,CO,1614107713,53,2.117,-76.9821,84.2,3.0
Nayoro,100,JP,1614108010,94,44.3506,142.4578,13.35,3.22
Itarema,100,BR,1614108010,67,-2.9248,-39.9167,83.44,9.95
Znamenskoye,100,RU,1614108010,88,57.1281,73.8282,-7.62,12.15
Upernavik,89,GL,1614108011,87,72.7868,-56.1549,8.24,2.44
Morón,0,AR,1614108011,30,-34.6534,-58.6198,88.0,1.99
Sandviken,47,SE,1614108011,97,60.6167,16.7667,34.0,1.99
Sinnamary,85,GF,1614108011,76,5.3833,-52.95,81.57,13.47
Kattivākkam,20,IN,1614108011,83,13.2167,80.3167,75.2,3.44
Havøysund,75,NO,1614108013,86,70.9963,24.6622,28.4,4.61
Shahreza,60,IR,1614108013,53,32.0339,51.8794,43.59,3.33
Hambantota,1,LK,1614108013,100,6.1241,81.1185,75.2,3.44
Kerteminde,100,DK,1614108013,95,55.449,10.6577,43.0,12.64
Port Lincoln,100,AU,1614108014,66,-34.7333,135.8667,58.62,10.27
Swadlincote,0,GB,1614108014,66,52.774,-1.5574,55.0,21.85
Longyearbyen,75,SJ,1614107721,86,78.2186,15.6401,28.4,2.3
Verkhnevilyuysk,73,RU,1614108015,85,63.4453,120.3167,-30.05,3.91
Botad,0,IN,1614108015,32,22.1667,71.6667,74.34,14.25
Vilyuysk,18,RU,1614108015,84,63.7553,121.6247,-32.12,4.18
Ixtapa,1,MX,1614108015,73,20.7,-105.2,75.2,8.05
Nova Gradiška,0,HR,1614108016,76,45.255,17.3831,46.4,3.44
Shibetsu,100,JP,1614107889,92,43.659,145.132,17.74,9.86
Dhandhuka,0,IN,1614108016,30,22.3667,71.9833,74.44,11.39
Constitución,4,CL,1614107944,40,-35.3333,-72.4167,72.1,14.83
Andenes,75,NO,1614108017,87,69.3143,16.1194,35.6,13.8
Les Cayes,10,HT,1614108017,68,18.2,-73.75,80.8,11.27
Sindgi,0,IN,1614108018,20,16.9167,76.2333,73.53,8.81
Jiexiu,100,CN,1614108019,41,37.0244,111.9125,37.71,3.71
Marrakesh,0,MA,1614107917,52,31.6315,-8.0083,64.4,6.91
Hulan,0,CN,1614108019,84,45.9833,126.6,-11.2,2.24
Odesskoye,100,RU,1614108019,94,54.2111,72.9651,3.22,22.77
Abalak,100,RU,1614108020,87,58.1286,68.5944,-14.39,12.66
Ambilobe,88,MG,1614108020,88,-13.2,49.05,75.25,2.84
Tsimmerbude,40,RU,1614108020,87,54.675,20.1347,41.0,8.95
Mezen',99,RU,1614108020,90,65.8522,44.24,-5.69,8.46
San Rafael,24,AR,1614108021,18,-34.6177,-68.3301,83.95,8.72
Namatanai,82,PG,1614108021,82,-3.6667,152.4333,79.77,2.68
Grindavik,90,IS,1614108021,93,63.8424,-22.4338,35.6,17.27
Bathsheba,20,BB,1614108022,54,13.2167,-59.5167,82.4,23.02
Kathu,20,TH,1614108023,83,7.9178,98.3332,82.99,3.44
Treinta y Tres,42,UY,1614108023,55,-33.2333,-54.3833,78.37,9.62
Lyantonde,37,UG,1614108024,72,-0.4031,31.1572,68.25,2.46
Singapore,75,SG,1614108007,83,1.2897,103.8501,77.0,6.91
Armidale,87,AU,1614108025,97,-30.5167,151.65,55.99,3.0
Atkarsk,0,RU,1614108026,88,51.8718,45.0078,-19.95,12.53
Srednekolymsk,0,RU,1614108026,97,67.45,153.6833,-33.36,4.05
Khandyga,78,RU,1614108026,84,62.6667,135.6,-29.18,2.04
Araouane,0,ML,1614108027,9,18.9048,-3.5265,76.96,6.17
General Roca,0,AR,1614108027,24,-39.0333,-67.5833,84.2,5.75
Prosotsáni,0,GR,1614108027,100,41.1833,23.9667,53.01,1.9
Nakhon Si Thammarat,93,TH,1614108028,88,8.25,100.0,69.94,3.4
Kisangani,29,CD,1614108028,85,0.5167,25.2,72.93,5.73
Ainaži,100,LV,1614108028,96,57.8636,24.3578,34.74,9.17
Forestville,75,US,1614108028,47,38.8451,-76.875,55.4,17.27
Mocuba,100,MZ,1614108029,97,-16.8392,36.9856,74.82,3.02
Sorong,100,ID,1614108029,78,-0.8833,131.25,82.08,11.36
Oktyabr'skiy,100,RU,1614107832,90,54.4815,53.471,-14.67,19.53
Puerto Suárez,20,BO,1614108029,59,-18.95,-57.8,96.8,4.61
Sayyan,100,YE,1614108030,37,15.1718,44.3244,61.7,4.52
Mana,100,GF,1614108030,73,5.6592,-53.7767,82.33,13.06
Matara,94,LK,1614108030,89,5.9485,80.5353,75.18,5.21
Zhangaözen,90,KZ,1614108030,83,43.3,52.8,7.05,21.74
Aklavik,100,CA,1614108031,76,68.2191,-135.0107,-14.8,2.3
Diamantina,32,BR,1614108031,72,-18.2494,-43.6003,73.09,1.1
Qaqortoq,75,GL,1614108031,33,60.7167,-46.0333,24.8,1.14
Rūdarpur,0,IN,1614108031,38,26.4394,83.6144,63.23,3.2
São Mateus,77,BR,1614108032,74,-18.7161,-39.8589,81.55,8.05
Lhokseumawe,61,ID,1614107794,81,5.1801,97.1507,76.46,3.65
Hollins,20,US,1614108032,27,37.3413,-79.9431,62.6,24.16
Luanda,20,AO,1614107869,78,-8.8368,13.2343,80.6,11.5
Ola,0,RU,1614108032,77,59.5833,151.2833,-4.7,9.98
Kiryat Gat,99,IL,1614108033,56,31.61,34.7642,59.0,11.68
Nacogdoches,0,US,1614108033,39,31.6002,-94.6335,73.99,4.0
Walvis Bay,0,NA,1614108034,82,-22.9575,14.5053,63.0,6.91
Severnoye,96,RU,1614108034,95,56.3491,78.3619,-13.65,10.16
Iqaluit,90,CA,1614107925,86,63.7506,-68.5145,23.0,21.85
Muroto-misakicho,30,JP,1614108034,70,33.2833,134.15,49.26,12.8
Bosanski Brod,0,BA,1614107881,76,45.1375,17.9897,51.01,3.44
Nipawin,90,CA,1614108035,79,53.3668,-104.0009,17.6,6.91
Joshīmath,54,IN,1614108035,49,30.5667,79.5667,47.98,4.9
Rincon,1,US,1614108036,23,32.296,-81.2354,70.0,12.66
Sakaraha,0,MG,1614108036,61,-22.9,44.5333,76.46,6.8
Piney Green,1,US,1614108036,31,34.716,-77.3202,64.0,10.36
Gazli,100,UZ,1614108036,63,40.1333,63.45,43.39,16.04
Port-Cartier,90,CA,1614108037,80,50.0334,-66.8654,28.99,5.75
Burē,100,ET,1614108037,70,10.7,37.0667,59.2,7.47
Mehamn,75,NO,1614108037,86,71.0357,27.8492,19.4,20.71
Thunder Bay,40,CA,1614108037,48,48.4001,-89.3168,39.2,12.66
Rostovka,100,RU,1614108038,92,55.3842,71.8891,-2.81,23.42
Lalibela,55,ET,1614108038,65,12.0333,39.0333,60.39,2.17
Waingapu,100,ID,1614108039,83,-9.6567,120.2641,78.37,6.22
Maïné Soroa,0,NE,1614108039,13,13.2114,12.0241,71.67,8.16
Plouzané,90,FR,1614108039,76,48.3833,-4.6167,55.4,21.85
Cururupu,33,BR,1614108039,63,-1.8283,-44.8683,84.74,7.27
Huarmey,1,PE,1614108039,61,-10.0681,-78.1522,77.14,11.61
Moyale,100,KE,1614108040,25,3.5167,39.0584,75.83,8.81
Kulhudhuffushi,92,MV,1614108040,71,6.6221,73.07,81.88,6.22
Vasylivka,0,UA,1614108040,68,47.4369,35.2742,19.4,8.95
Pisco,0,PE,1614108041,47,-13.7,-76.2167,82.4,11.5
Muskegon,20,US,1614107902,61,43.3,-86.1334,42.8,17.27
Cervo,0,ES,1614108041,66,43.6702,-7.4101,62.01,4.0
Bilibino,100,RU,1614108041,84,68.0546,166.4372,-21.28,2.68
Okhotsk,100,RU,1614108041,86,59.3833,143.3,-0.6,10.58
Tra Vinh,91,VN,1614108042,85,9.9347,106.3453,71.67,6.85
Meiktila,65,MM,1614108044,33,20.8667,95.8667,76.46,6.17
Indramayu,100,ID,1614108045,82,-6.3264,108.32,79.52,15.12
Bowen,90,AU,1614108045,100,-20.0167,148.2333,77.0,3.44
Cairns,100,AU,1614108046,88,-16.9167,145.7667,77.0,2.3
Lishan,96,CN,1614108048,56,31.8576,113.2951,52.47,10.98
Saint-François,0,FR,1614108048,67,46.4154,3.9054,55.4,4.61
Havre-St-Pierre,90,CA,1614108048,86,50.2334,-63.5986,28.4,14.97
Khovd,43,MN,1614108048,73,48.0056,91.6419,20.64,5.75
Panzhihua,0,CN,1614108049,52,26.5851,101.7128,48.99,0.38
Boguchany,99,RU,1614108049,98,58.3814,97.4531,-15.09,2.8
